"12 Halton Cl, Painshawfield, Stocksfield NE43 7ET, UK"
"17 Lockview Court, Ebberns Rd, Hemel Hempstead HP3 9DA, UK"
"1 Hampton Ct Cres, Graburn Way, Molesey, East Molesey KT8 9BA, UK"
"Kilpin Cl, Heckmondwike WF16, UK"
"80 Maryatt Ave, Harrow HA2 0SX, UK"
"Pavement Ln, Mobberley, Knutsford WA16, UK"
"2 Shaftesbury Drove, Salisbury SP2 8QH, UK"
"7 Stoke Ln, Gedling, Nottingham NG4 2AX, UK"
"4 The Dean, Wingrave, Aylesbury HP22 4PZ, UK"
"A68, Earlston TD4 6AG, UK"
"1 Lynwood Cottages, Lynton EX35 6BB, UK"
"2 Ferriby Terrace, Nottingham NG2, UK"
"Emms Passage, Kingston upon Thames KT1 1LP, UK"
"4 Massingham Dr, Earls Colne, Colchester CO6 2ST, UK"
"14 S Church St, Callander FK17 8BN, UK"
"1 Bodowen Terrace, Menai Bridge LL59 5HH, UK"
"18A Bedford Rd, Lower Stondon, Henlow SG16 6EA, UK"
"A591, Ambleside LA22 9RS, UK"
"5 Station Rd, Moffat DG10 9EL, UK"
"4-32 Brigstock Rd, Thornton Heath CR7 8RX, UK"
"2 Kirk Wynd, Strathmiglo, Cupar KY14 7QD, UK"
"21 Haythrop Cl, Downhead Park, Milton Keynes MK15 9DD, UK"
"20 Van Diemans Rd, Wombourne, Wolverhampton WV5 0BQ, UK"
"2 Scotstown Rd, Peterhead AB42 1LU, UK"
"12-32 King Edward's Grove, Teddington TW11, UK"
"20 Wigmore Rd, Worthing BN14 9HJ, UK"
"M74, Lanark ML11 0RS, UK"
"21 Careys Rd, Pury End, Towcester NN12 7NX, UK"
"B8004, Spean Bridge PH34, UK"
"1 Barquentine Pl, Cardiff CF10 4NF, UK"
"Atholl Duncan Dr, Birkenhead, Wirral CH49, UK"
"A496, Talsarnau LL47, UK"
"212 King Oswy Dr, Hartlepool TS24 9RN, UK"
"5 Railway Terrace, Inverness IV2 7WE, UK"
"2 Church Cl, Aylesbeare, Exeter EX5 2BU, UK"
"23-25 Walthall St, Crewe CW2 7JZ, UK"
"9 Church Rd, Tilney All Saints, King's Lynn PE34 4SJ, UK"
"5 Lennard Rd, Folkestone CT20, UK"
"1 Crane's Ln, Norwich NR10 5QB, UK"
"1 Acorn St, Willenhall WV13, UK"
"1 Forster Ct, Bradford BD1 4JB, UK"
"13 Belmont Cres, Colchester CO4 0LX, UK"
"Brentford & Isleworth Delivery Office, 50-52 London Rd, Brentford TW8 8AP, UK"
"14 Chewton Lodge, Highcliffe, Christchurch BH23 5LQ, UK"
"B4247, Swansea SA3 1AY, UK"
"2 Townhead Ln, Ravenstonedale, Kirkby Stephen CA17 4NG, UK"
"7 Eaves Brow Rd, Croft, Warrington WA3 7LE, UK"
"N Woodloes, Warwick CV35 7QS, UK"
"The Causeway, Brinkworth, Chippenham SN15, UK"
"Wash Ln, Saxmundham IP17 3PX, UK"
"14 Kilmorlich, Cairndow PA26 8BA, UK"
"1 Forster Ct, Bradford BD1 4JB, UK"
"65-69 A72, Peebles EH45, UK"
"47 Sanders Cl, Dudley DY2 8DP, UK"
"67 Anxey Way, Haddenham, Aylesbury HP17 8DJ, UK"
"10 Warren Rd, Luton LU1 1UQ, UK"
"4 St Georges Square, New Malden KT3 4HG, UK"
"1-2 Spring Gardens, Penwortham, Preston PR1 9LY, UK"
"14 Regency Cres, Christchurch BH23 2UF, UK"
"13 Mary St, Carnforth LA5 9HJ, UK"
"1 Virginia St, St Katharine's & Wapping, London E1W, UK"
"224 Pershore Rd, Birmingham B5 7PG, UK"
"16 Sedgemoor Rd, Llanrumney, Cardiff CF3 5QW, UK"
"6 Sunnyside Gardens, Sandwich CT13 0QH, UK"
"29A Main Rd, Lumphanan, Banchory AB31 4PW, UK"
"43-45 Hustlergate, Bradford BD1 1PH, UK"
"Unnamed Road, Cemaes Bay LL67 0LL, UK"
"The Rookery, Broughton Tower, Broughton-in-Furness LA20 6AB, UK"
"55 Woodlands Ln, Chichester PO19 5PE, UK"
"2 Nether Monynut, Cockburnspath TD13 5YL, UK"
"1 The Leas, Cottesmore, Oakham LE15 7DG, UK"
"1 Anvil Ct, Cullingworth, Bradford BD13 5DB, UK"
"1 Council Houses, Bondleigh, North Tawton EX20 2AL, UK"
"21 Derry Downs, Orpington BR5 4DT, UK"
"2 Netherfield Hill, Battle TN33, UK"
"Froude Rd, Salcombe TQ8, UK"
"1349 Dumbarton Rd, Glasgow G14 9UZ, UK"
"2 Stanley Pl, Lincoln LN5 7LY, UK"
"11 Miller Ave, Wakefield WF2 7DJ, UK"
"122 The Broadway, Southend-on-Sea SS99 6HA, UK"
"73 Butterley Ln, New Mill, Holmfirth HD9 7EZ, UK"
"154 Malt Mill Ln, Halesowen B62 8JB, UK"
"251 Raeburn Ave, Surbiton KT5 9DF, UK"
"Burnthouse Ln, Horsham RH13 6NL, UK"
"Parsons Way, Ash, Aldershot GU12 6QH, UK"
"83 Piper's Hill Rd, Kettering NN15 7NL, UK"
"1 Ossington Cl, Nottingham NG1 4EU, UK"
"41 Hawkers Ln, Wells BA5 3JJ, UK"
"A413, Chalfont Saint Giles HP8, UK"
"The Savoy, 41-43 Grange Rd, Ramsgate CT11 9NB, UK"
"24 Collins Ave, Blackpool FY2 0NS, UK"
"Unnamed Road, Worcester WR6, UK"
"900 Arterial Rd West Thurrock, Grays RM20 2ZS, UK"
"111 Belmont St, Hull HU9 2RJ, UK"
"New Dukes Way, Chelmsford CM2, UK"
"9 Masefield Rd, Stoke-on-Trent ST3 2EX, UK"
"10 Dougall St, Tayport DD6 9JB, UK"
"4 Station Cottages, Station Approach, Saxilby, Lincoln LN1 2HB, UK"
"322 Fold Croft, Harlow CM20 1TL, UK"
"2 Grey Cl, Bredbury, Stockport SK6 1HA, UK"
